{"chunk_definitions":[{"row":15,"row_count":1,"visible":true,"expansion_state":0,"options":{"engine":"r","label":"setup","include":false},"document_id":"8EAA3E57","chunk_id":"csetup_chunk","chunk_label":"setup"},{"row":91,"row_count":1,"visible":true,"expansion_state":0,"options":{"engine":"r","label":"unnamed-chunk-1"},"document_id":"8EAA3E57","chunk_id":"czey0hp1s8hek","chunk_label":"unnamed-chunk-1"},{"row":119,"row_count":1,"visible":true,"expansion_state":0,"options":{"engine":"r","label":"unnamed-chunk-5"},"document_id":"8EAA3E57","chunk_id":"ca2z6tkqujsno","chunk_label":"unnamed-chunk-2"},{"row":151,"row_count":1,"visible":true,"expansion_state":0,"options":{},"document_id":"7F81D63B","chunk_id":"cjfm9fksjdcg3","chunk_label":"unnamed-chunk-3"}],"doc_write_time":1637817807}