"0","# your code here"
"0","wrPlot1 <- "
"0","  steam %>% "
"0","  head(10) "
"0","# head(2)"
"0","  "
"0",""
"0","plot1 <- "
"0","  wrPlot1 %>% "
"0","  ggplot(aes(x = Peak.players.today, y = reorder(Game,Peak.players.today), "
"0","           text = glue(""{Game}"
"0","                        Peak Player Today: {scales::comma(Peak.players.today, 1)}"
"0","                        Current Players: {scales::comma(Current.players, 1)}""))) + "
"0","  geom_col(mapping=aes(fill=Current.players)) +"
"0","  scale_x_continuous(labels = scales::comma) +"
"0","      labs(title = , "
"0","           x = ""Peak Player Today"", "
"0","           y = NULL, "
"0","           fill = ""Current Players"") "
"0","  "
"0","ggplotly(plot1, tooltip=""text"")"
